chi1,a_nC,CASA+,chi0,chi1_C,vsa_pol,mr,rgyr,SlogP,a_hyd,Class
4.721115688402099,1.1716593831348976,0.0211737430349744,4.798125047974814,-0.872065165591942,1.5158316581699476,-0.4224871860101704,3.2592570180694485,0.4057703599188667,4.737849731168247,Class 2
-1.7629031548567118,-0.6531334452977469,-0.1139312477246339,-1.5455166003066991,0.2931867658323334,-0.54800171261243,-1.5418135753446194,-2.1730036742762584,-1.3391265630133822,-1.4658418226800976,Class 2
0.8055664429799518,0.2592629689185754,-0.7466961404901664,0.6473640017627483,-0.1464733810530105,-0.54800171261243,1.317803476975108,0.4502466707254052,1.6732396014320554,1.01563479885924,Class -2
0.0323041000099238,-0.6531334452977469,-0.5264543188165177,0.0497587088814265,-0.6798704949627838,-0.3575629540652032,0.3042385111309386,-0.639117480098314,-0.4076088528689724,-0.2251035119104288,Class -2
0.591954700296213,0.2592629689185754,-0.5897942202162724,0.4587304952604098,-0.0424055398158278,-0.54800171261243,1.1205700136178405,0.5049291806686244,1.393963620729551,0.8088450803976286,Class -2
0.8779961053292459,0.2592629689185754,-0.3012256858776048,0.5203890581280566,-0.3779979149213142,-0.54800171261243,0.9314949645769752,0.8660965632933821,1.2134218968329202,0.6020553619360172,Class -2
0.378343257404122,0.2592629689185754,-0.4583611370523799,0.2700965552389136,0.0616622319640297,-0.54800171261243,0.9042970493266702,0.600561736096551,1.1146880674464053,0.6020553619360172,Class -2
-0.5668111728545187,1.6278575902430588,0.5366179411078446,-0.8000463544266266,1.9558885196757672,-0.54800171261243,-0.3894832078050397,-1.114572216130675,-0.7144017500239969,-0.4318932303720402,Class 1
-1.3693299330042477,0.2592629689185754,0.4288849542731353,-1.168249348866486,0.8402976035326928,-0.54800171261243,-1.0443473245330028,-1.39692701560009,-1.0754771623332915,-1.0522623857568747,Class 1
0.1647313148592834,0.2592629689185754,-0.3515963903101881,0.0814628319769964,0.1657300732012129,-0.54800171261243,0.6797794168944102,0.733805850799184,0.8354122577116443,0.3952656434744056,Class -2
0.98058031067276,-1.565529859514069,0.722804717734936,1.5113696353844812,-1.695219070981484,3.104822382250936,-1.2161088529066073,0.6120623870078677,-0.9883434516315344,0.8088450803976286,Class 1
4.096549753408882,0.7154611760267365,-0.0919560954280013,4.256226099915657,-1.045708479171513,1.5158316581699476,-0.6569277928304914,2.694151536226852,0.1342307551137618,4.1174805757834125,Class 1
-0.0488805777202807,0.2592629689185754,-0.5564979243857675,-0.1071706745253416,0.2697979144383961,-0.54800171261243,0.44911963096581,0.93591259696698,0.5561364907188191,0.1884759250127941,Class -1
-1.8967849088207585,-2.0217280666222304,-0.1100736536953379,-1.3831804093076918,-1.0959598817188847,1.5158316581699476,-2.050466670437808,-1.776137535019478,-2.472044275525437,-2.086210978064932,Class 1
-1.1557182402857833,0.7154611760267365,0.6001485511110904,-0.97961582068819,1.1372417695908212,-0.54800171261243,-0.7923340966565244,-1.3844803813385824,-0.9436525261061508,-0.8454726672952633,Class 1
-0.2540795671554856,0.2592629689185754,-0.4246780109938045,-0.2958043977872587,0.3855600077292342,-0.54800171261243,0.2152303820909883,0.7928405471150797,0.2768606809840583,-0.0183137934488173,Class -1
-1.0218367361481102,0.2592629689185754,-0.0036672050453341,-1.141952120066987,0.7562354862823134,-0.54800171261243,-0.716282851092921,-1.5017431704463502,-0.8199401811034093,-0.8454726672952633,Class 1
-1.2632504068621375,0.2592629689185754,0.2451668579261694,-1.2389723421421497,0.9877600201506171,-0.54800171261243,-1.0509086027046437,-1.295291498916075,-1.119518453173619,-1.0522623857568747,Class 1
0.1647313148592834,0.2592629689185754,-0.3827661291389999,0.0814628319769964,0.1657300732012129,-0.54800171261243,0.6797794168944102,0.4755061467192099,0.8354122577116443,0.3952656434744056,Class -1
-1.5661166688436663,-0.1969352381895857,0.1440556395985487,-1.3568829637486135,0.5667420110391996,-0.54800171261243,-1.292675644415153,-1.782408206564558,-1.207301798560433,-1.259052104218486,Class 1
3.188106109642547,0.2592629689185754,5.2067353479758856,3.278979192839264,-1.166091985067283,3.9510476707047055,0.1070868957055465,1.6652231409908935,-1.1189628507477327,2.256373109628909,Class 1
-0.0488805777202807,0.2592629689185754,-0.3341968738411677,-0.1071706745253416,0.2697979144383961,-0.54800171261243,0.44911963096581,0.3730065698217886,0.5561364907188191,0.1884759250127941,Class -1
-0.0488805777202807,0.2592629689185754,-0.6765024441917655,-0.1071706745253416,0.2697979144383961,-0.54800171261243,1.2955097723122624,0.9972062566942842,0.8359250327176724,0.1884759250127941,Class -1
0.6643840628538573,0.2592629689185754,-0.224596528584277,0.3317555516257184,-0.273930073684131,-0.54800171261243,0.731252332914143,0.8489159082316813,0.934145916130415,0.3952656434744056,Class -1
-1.5577041654215065,-0.1969352381895857,0.096268193736181,-1.3568829637486135,0.5784363325501802,-0.54800171261243,-1.2905639790699457,-1.9664767092272044,-1.207301798560433,-1.259052104218486,Class 1
-0.2456670637333259,0.2592629689185754,-0.104731788938063,-0.2958043977872587,0.3972546070695166,-0.54800171261243,0.2173420474361961,0.344597078187003,0.2768606809840583,-0.0183137934488173,Class -1
0.3491534439357291,-2.0217280666222304,-0.5531694785999105,1.004832411560714,-2.0875682911916127,1.5158316581699476,-2.068047255992512,-0.5991082089782217,-1.4950063608136368,0.3952656434744056,Class 1
-0.0126656466150838,0.2592629689185754,0.0576858820336316,-0.142531965241573,0.1540357516902324,0.4839149727787587,0.7395013504622404,1.1145246083148626,0.1118339379149825,-0.2251035119104288,Class 1
1.7514910379843518,-1.565529859514069,1.3381117126447597,2.288623316690161,-1.940787737137453,3.4187162737566146,-1.1858125782641742,0.8294109406668007,-0.7398846632267981,1.6360039542440743,Class 1
-1.0218367361481102,0.2592629689185754,0.2987415782632226,-1.141952120066987,0.7562354862823134,-0.54800171261243,-1.0133588728324654,-1.538256265156737,-1.0201861939413597,-1.4658418226800976,Class 1
-0.0042534429845728,0.2592629689185754,-0.3197670767357602,-0.1987838939246434,0.1657300732012129,-0.54800171261243,0.2340560277660393,0.5976478611350099,0.376192940216318,-0.4318932303720402,Class -1
0.4507721702742932,0.2592629689185754,-0.1394007701627259,0.1431218283638009,-0.1698623019042734,-0.54800171261243,0.5115640673773248,0.8332548563257086,0.6548703201053343,0.1884759250127941,Class -1
-1.6469585348234714,-1.109331652405908,1.350468285194623,-1.2299081718456273,-0.5137658711136074,0.6743537313259855,-1.489161970025762,-1.7102842765847472,-1.6213942655252511,-1.6726315411417092,Class 1
-1.5141884582584375,-2.477926273730392,-0.6563551529319875,-0.970551650391668,-1.7671444235578817,0.4839149727787587,-1.134936773692231,-1.1654717397614192,-0.5614796514520611,-1.259052104218486,Class 1
-0.0404678744370212,0.2592629689185754,-0.2320423505786434,-0.1071706745253416,0.281492166492051,-0.54800171261243,0.451231013881991,0.2283910817589487,0.5561364907188191,0.1884759250127941,Class -1
-0.2754124910574878,-2.477926273730392,-0.6208627446527543,0.4629334635015569,-2.261211604771184,1.5158316581699476,-2.304547391759752,-1.2861655140351704,-1.7665458801348697,-0.2251035119104288,Class 1
-0.4592787564517902,0.2592629689185754,-0.0606490768161097,-0.4844379042895969,0.5013223788493743,-0.54800171261243,-0.0237782882894732,0.2856435157676527,-0.0024152997184466,-0.2251035119104288,Class -1
-1.4863864802628746,-2.477926273730392,0.1757181721572615,-1.0059130494876891,-1.559008810540841,0.8015138067504104,-1.4606878144905862,-1.2274144706610888,-1.491287855124761,-1.6726315411417092,Class 1
0.1731440181425428,0.2592629689185754,0.0802155075882885,0.0814628319769964,0.1774243252548684,0.4839149727787587,0.5504570296994565,0.3642081196399739,0.4303041456911551,0.1884759250127941,Class 1
-1.2716631101453972,0.2592629689185754,0.1752496861580618,-1.295224249149262,0.9760654208103348,-0.54800171261243,-1.147343880825625,-1.9662211532378904,-1.2970086592924404,-1.0522623857568747,Class -1
-0.0398474556198365,-1.109331652405908,3.516573857656227,-0.0395590265738965,-1.143850499232154,0.5940211318590392,0.5353628928081027,-0.2419146509556733,-0.5363046938980414,-1.4658418226800976,Class 0
2.9192904329577263,-0.1969352381895857,4.364982727354371,3.1257069770531567,-1.657229456293871,3.9510476707047055,-0.1953547691649258,1.2872010595230474,-1.285699143030454,2.0495833911672974,Class 0
1.0469801636592548,0.2592629689185754,-0.9050259257777358,0.800635784029696,-0.3779979149213142,-0.54800171261243,2.847429933706139,1.3022824933976662,2.1931098115758734,1.01563479885924,Class 0
2.222851448776481,-0.6531334452977469,-0.3246469339859385,2.6305292557381854,-1.5666384199102257,1.5158316581699476,-1.3612754520014474,1.0181201759334184,-0.6803878028499374,2.256373109628909,Class -1
-1.0218367361481102,0.7154611760267365,0.4734329934601222,-1.141952120066987,1.3233520479694767,-0.54800171261243,-0.919582551024209,-1.4752183845017486,-1.1604780076873948,-0.8454726672952633,Class -1
-1.6023313501224892,-1.565529859514069,1.2493006343820698,-1.3215215863285503,-0.8527410957969259,1.948055372777228,-1.72452747542201,-2.037143859574292,-2.456657178570354,-2.293000696526544,Class 0
0.0235487848373645,0.2592629689185754,0.0183515833757954,-0.2341454014004543,0.0382733805700924,-0.54800171261243,0.0477469191531313,0.8764556571233413,0.0963187433777478,-0.2251035119104288,Class -1
2.8474173837696988,-0.1969352381895857,-0.2720180734959554,3.172428203797342,-1.392995106330655,1.5158316581699476,-1.1262913387625622,1.360834016839386,-0.4088481980448325,2.8767422650137435,Class -1
-1.5141884582584375,-2.477926273730392,-0.4031119674423016,-0.970551650391668,-1.7671444235578817,-0.54800171261243,-0.8980612897487947,-1.3232583846249577,-0.9952249460672716,-1.0522623857568747,Class -1
0.2015661651289164,0.2592629689185754,7.634394994011722,0.1137129724526306,-0.1723386639278943,1.0262448464663196,0.6718816280836467,-0.3572275431295349,-1.0207333334639206,-1.4658418226800976,Class 0
-1.6023313501224892,-1.565529859514069,0.7276971036392642,-1.3215215863285503,-0.8527410957969259,1.948055372777228,-1.7584665761338252,-2.051291464398397,-2.309197486594892,-2.293000696526544,Class 0
0.0234177758868404,-0.6531334452977469,-0.4103562601451266,0.1300124257719332,-0.6178337123507903,-0.54800171261243,0.5715004210620611,-0.6964837225494489,-0.0310949677975386,0.1884759250127941,Class -1
-0.4889677230154293,-0.1969352381895857,4.116980695517446,-0.4730781850212222,-0.7369787941341113,1.2970162805417218,-0.7535136621083943,-0.6794877497036195,-1.7356434604167446,-1.6726315411417092,Class 0
1.7514910379843518,-1.565529859514069,-0.7558786052817493,2.288623316690161,-1.940787737137453,3.104822382250936,-1.3781970741515612,0.788231226272612,-0.6301660708079214,1.6360039542440743,Class -1
1.1269251029911342,-2.0217280666222304,-0.8082214055435581,1.7467243686310043,-2.114431050717024,3.104822382250936,-1.616766171995205,0.236632170484143,-0.9017055901291544,1.01563479885924,Class 0
0.1647313148592834,0.2592629689185754,-0.5107265210164131,0.0814628319769964,0.1657300732012129,0.4839149727787587,0.5074345031237023,0.310530786064853,0.6175992664413718,-0.0183137934488173,Class 0
-0.0126656466150838,0.2592629689185754,-0.4541561673473345,-0.142531965241573,0.1540357516902324,-0.54800171261243,1.0395315233329907,1.1538265623329689,0.563573502096571,-0.0183137934488173,Class -1
-0.2540795671554856,0.2592629689185754,-0.1951572431833663,-0.2958043977872587,0.3855600077292342,-0.54800171261243,0.2152303820909883,0.1562137991389974,0.2768606809840583,-0.0183137934488173,Class -1
-0.2723576141562494,2.08405579735122,0.3738470049221247,-0.7383873580398218,2.365211929446902,-0.54800171261243,-0.2837471464413381,-1.2023186830928057,-0.6349959523163139,-0.2251035119104288,Class -1
-0.4592787564517902,0.2592629689185754,-0.3038491539318661,-0.4844379042895969,0.5013223788493743,-0.54800171261243,-0.0237782882894732,0.7171746647917153,-0.0024152997184466,-0.2251035119104288,Class -1
0.0487864449996689,1.1716593831348976,0.8109100686884312,-0.1778936894769629,1.2075899546786384,-0.54800171261243,0.5190548759609261,-0.1695261676478271,-0.0187426765232935,-0.0183137934488173,Class -1
0.4229703921398298,0.2592629689185754,-0.5005269115481222,0.1784831190800323,-0.0424055398158278,-0.54800171261243,0.6822132207872238,0.5998204816642972,0.934744303234224,-0.0183137934488173,Class -1
0.2188828802425382,2.9964522115675423,0.7677421089432008,-0.4318431432271883,3.048091209540832,-0.54800171261243,0.2577247099014135,-0.46668695614853,-0.3533264231985737,0.1884759250127941,Class -1
0.5023591679979168,-2.477926273730392,-0.7992884804887149,1.2048254205718472,-2.2880743642965946,3.104822382250936,-1.856147648690624,-0.3107635496406811,-1.1732450667084515,0.3952656434744056,Class -1
0.378343257404122,0.2592629689185754,-0.6121446057046983,0.2700965552389136,0.0616622319640297,0.4839149727787587,0.7337745370922463,0.2211562743381865,0.8968752898858128,0.1884759250127941,Class 0
0.0487864449996689,1.1716593831348976,0.3092735183140314,-0.1778936894769629,1.2075899546786384,-0.54800171261243,0.4885143002105851,-0.1659174455800727,0.0138224045047008,-0.0183137934488173,Class 0
0.0403737417164094,1.1716593831348976,0.8488483861511662,-0.1778936894769629,1.195895633167658,-0.54800171261243,0.5169432106157189,0.2870024296107681,-0.0187426765232935,-0.0183137934488173,Class 0
-1.2716631101453972,0.2592629689185754,0.0563116385888934,-1.295224249149262,0.9760654208103348,-0.54800171261243,-1.1771865744515273,-2.015026664667128,-1.1323409912275857,-1.0522623857568747,Class 0
0.9737195787900464,-1.565529859514069,-0.4686096832296159,1.546731359619871,-1.913924977612042,1.5158316581699476,-1.8320796119118024,-0.0648339235190535,-1.2234668414924037,1.01563479885924,Class 0
0.7101229249538528,3.9088486257838646,0.9427961055328524,-0.1815508570976248,3.7309698645188334,-0.54800171261243,0.6130744256467899,-0.1901194975019723,-0.1420959037798775,0.6020553619360172,Class 0
0.1905903431789949,1.1716593831348976,0.8301380190857565,0.0220997530533288,1.1648773113189863,-0.54800171261243,0.7488912683057178,0.2611336601526322,0.2233904763232079,0.1884759250127941,Class 0
0.0403737417164094,1.1716593831348976,0.2968917813733537,-0.1778936894769629,1.195895633167658,-0.54800171261243,0.4864026348653778,0.4143583385880295,0.0138224045047008,-0.0183137934488173,Class 0
-0.7804228156077085,1.1716593831348976,0.3623348850784757,-0.988679795901091,1.6589444230749637,-0.54800171261243,-0.6438661281853203,-1.1590968885048216,-0.846226514476946,-0.6386829488336517,Class 0
0.1990025967747804,1.1716593831348976,0.9495921508316434,0.0220997530533288,1.176571563372642,-0.54800171261243,0.7510029336509251,-0.3090813629957657,0.2233904763232079,0.1884759250127941,Class 0
-0.0126656466150838,0.2592629689185754,-0.0079916252948611,-0.142531965241573,0.1540357516902324,0.4839149727787587,0.7395013504622404,0.7987743709262526,0.1118339379149825,-0.2251035119104288,Class 0
-0.2178648858766629,0.2592629689185754,-0.2785165364880545,-0.3311656885034901,0.2697979144383961,-0.54800171261243,0.6594578576376896,1.120607124987019,0.2376662829426464,-0.2251035119104288,Class 0
-1.5141884582584375,-2.477926273730392,-0.8956379482250871,-0.970551650391668,-1.7671444235578817,-0.54800171261243,-1.0224942656372766,-1.079189944834399,-0.156371710399316,-1.0522623857568747,Class 0
3.4719833187629163,0.2592629689185754,-0.1292416914260229,3.7143271518565,-1.219351792751084,1.5158316581699476,-0.8915202899812555,2.156018970936429,-0.1373088069494073,3.497111420398578,Class 0
-0.6476530388343236,0.2592629689185754,0.1657757213465885,-0.673071410791935,0.6404733929914753,-0.54800171261243,-0.2639044738419222,-0.5918083681617847,-0.2816910667112717,-0.4318932303720402,Class 0
-0.0404678744370212,0.2592629689185754,-0.3708032454522353,-0.1071706745253416,0.281492166492051,0.4839149727787587,0.2767574890244869,0.4265263710452513,0.3383234994485466,-0.2251035119104288,Class 0
1.598285513783264,-1.109331652405908,-0.4983388409962028,2.088630307679028,-1.7402817334897966,1.5158316581699476,-1.596517874827954,0.3391882569826604,-0.9519273649131066,1.6360039542440743,Class 0
-0.4230640751729676,0.2592629689185754,-0.0695410481634343,-0.5197991950058283,0.3855600077292342,-0.54800171261243,0.2740435720232073,1.2147467535792869,-0.0882410644370864,-0.4318932303720402,Class 0
0.1925335426812199,0.2592629689185754,-0.6383291769848374,0.046101541260765,0.0382733805700924,-0.54800171261243,1.414486049951679,0.8604686489987579,0.8894806785085595,0.1884759250127941,Class 0
0.2104701769592788,2.9964522115675423,0.8156388860524673,-0.4318431432271883,3.03639661020055,-0.54800171261243,0.2556133269852325,-0.3852952937409327,-0.3533264231985737,0.1884759250127941,Class 0
0.1925335426812199,0.2592629689185754,-0.6068507728091244,0.046101541260765,0.0382733805700924,-0.54800171261243,1.414486049951679,1.1924020996353095,0.8894806785085595,0.1884759250127941,Class -1
0.1647313148592834,0.2592629689185754,0.0251862854621773,0.0814628319769964,0.1657300732012129,0.4839149727787587,0.5483453643542483,0.4104424442193456,0.4303041456911551,0.1884759250127941,Class 0
-0.2540795671554856,0.2592629689185754,-0.2031571636469577,-0.2958043977872587,0.3855600077292342,-0.54800171261243,0.2152303820909883,0.4871381272062584,0.2768606809840583,-0.0183137934488173,Class -1
-0.2456670637333259,0.2592629689185754,-0.1089367051018515,-0.2958043977872587,0.3972546070695166,-0.54800171261243,0.2173420474361961,0.4559151519683032,0.2768606809840583,-0.0183137934488173,Class -1
-0.0404678744370212,0.2592629689185754,-0.2221062176363025,-0.1071706745253416,0.281492166492051,-0.54800171261243,0.451231013881991,0.5876365065542525,0.5561364907188191,0.1884759250127941,Class -1
0.1731440181425428,0.2592629689185754,-0.3217901331334472,0.0814628319769964,0.1774243252548684,-0.54800171261243,0.6818910822396176,0.4374403007630659,0.8354122577116443,0.3952656434744056,Class -1
-0.0404678744370212,0.2592629689185754,-0.2381428949483365,-0.1071706745253416,0.281492166492051,-0.54800171261243,0.451231013881991,0.574777731040059,0.5561364907188191,0.1884759250127941,Class -1
-0.0488805777202807,0.2592629689185754,-0.3124520560323702,-0.1071706745253416,0.2697979144383961,-0.54800171261243,0.44911963096581,0.6181297502674401,0.5561364907188191,0.1884759250127941,Class -1
-0.0404678744370212,0.2592629689185754,-0.2683164451484501,-0.1071706745253416,0.281492166492051,-0.54800171261243,0.451231013881991,0.3226997656103613,0.5561364907188191,0.1884759250127941,Class -1
-0.2540795671554856,0.2592629689185754,-0.1654550166690763,-0.2958043977872587,0.3855600077292342,-0.54800171261243,0.2152303820909883,0.3856623527465701,0.2768606809840583,-0.0183137934488173,Class -1
0.2371607273822031,0.2592629689185754,-0.0538153384723548,-0.0455116781385367,-0.0657944606670908,-0.54800171261243,0.2830954223219848,0.8454483023186187,0.3755945531125091,-0.0183137934488173,Class -1
0.2093584995602657,0.2592629689185754,-0.4118860944828562,-0.0101503874223053,0.0616622319640297,-0.54800171261243,0.4625249552504056,0.5111191918613023,0.6554687072091427,-0.2251035119104288,Class -1
0.2093584995602657,0.2592629689185754,-0.41261725388915,-0.0101503874223053,0.0616622319640297,-0.54800171261243,0.4625249552504056,0.6469564342924399,0.6554687072091427,-0.2251035119104288,Class -1
-0.4592787564517902,0.2592629689185754,-0.2975119572060058,-0.4844379042895969,0.5013223788493743,-0.54800171261243,-0.0237782882894732,0.5580136369763808,-0.0024152997184466,-0.2251035119104288,Class -1
0.2093584995602657,0.2592629689185754,-0.4221821317550966,-0.0101503874223053,0.0616622319640297,-0.54800171261243,0.4625249552504056,0.5381445139653317,0.6554687072091427,-0.2251035119104288,Class -1
-0.0126656466150838,0.2592629689185754,-0.4948755247838333,-0.142531965241573,0.1540357516902324,-0.54800171261243,1.0395315233329907,0.8325134440454075,0.563573502096571,-0.0183137934488173,Class 0
-0.7720103621508233,1.1716593831348976,0.2883435984375563,-0.988679795901091,1.6706386751286184,-0.54800171261243,-0.641754462840113,-1.3597583779473803,-0.846226514476946,-0.6386829488336517,Class 0
-0.2178648858766629,0.2592629689185754,-0.224004737070088,-0.3874176171865606,0.2697979144383961,-0.54800171261243,-0.0012922494595933,0.5390841833936121,0.0969171304815567,-0.6386829488336517,Class 0
-0.2807700676131345,2.08405579735122,0.3240789073376547,-0.7383873580398218,2.353517677393248,-0.54800171261243,-0.251368635558257,-1.343131295989153,-0.5936216300557265,-0.2251035119104288,Class 0
-0.4889677230154293,-0.1969352381895857,4.116980695517446,-0.4730781850212222,-0.7369787941341113,1.2970162805417218,-0.7535136621083943,-0.6794877497036195,-1.7356434604167446,-1.6726315411417092,Class 0
1.7514910379843518,-1.565529859514069,-0.7558786052817493,2.288623316690161,-1.940787737137453,3.104822382250936,-1.3781970741515612,0.788231226272612,-0.6301660708079214,1.6360039542440743,Class -1
0.1647313148592834,0.2592629689185754,-0.5107265210164131,0.0814628319769964,0.1657300732012129,0.4839149727787587,0.5074345031237023,0.310530786064853,0.6175992664413718,-0.0183137934488173,Class 0
-0.0126656466150838,0.2592629689185754,-0.4541561673473345,-0.142531965241573,0.1540357516902324,-0.54800171261243,1.0395315233329907,1.1538265623329689,0.563573502096571,-0.0183137934488173,Class -1
-0.2540795671554856,0.2592629689185754,-0.1951572431833663,-0.2958043977872587,0.3855600077292342,-0.54800171261243,0.2152303820909883,0.1562137991389974,0.2768606809840583,-0.0183137934488173,Class -1
0.0487864449996689,1.1716593831348976,0.8109100686884312,-0.1778936894769629,1.2075899546786384,-0.54800171261243,0.5190548759609261,-0.1695261676478271,-0.0187426765232935,-0.0183137934488173,Class -1
0.4229703921398298,0.2592629689185754,-0.5005269115481222,0.1784831190800323,-0.0424055398158278,-0.54800171261243,0.6822132207872238,0.5998204816642972,0.934744303234224,-0.0183137934488173,Class -1
0.5023591679979168,-2.477926273730392,-0.7992884804887149,1.2048254205718472,-2.2880743642965946,3.104822382250936,-1.856147648690624,-0.3107635496406811,-1.1732450667084515,0.3952656434744056,Class -1
0.378343257404122,0.2592629689185754,-0.6121446057046983,0.2700965552389136,0.0616622319640297,0.4839149727787587,0.7337745370922463,0.2211562743381865,0.8968752898858128,0.1884759250127941,Class 0
0.1647313148592834,0.2592629689185754,-0.5107265210164131,0.0814628319769964,0.1657300732012129,0.4839149727787587,0.5074345031237023,0.310530786064853,0.6175992664413718,-0.0183137934488173,Class 0
0.1647313148592834,0.2592629689185754,-0.5107265210164131,0.0814628319769964,0.1657300732012129,0.4839149727787587,0.5074345031237023,0.310530786064853,0.6175992664413718,-0.0183137934488173,Class 0
0.1647313148592834,0.2592629689185754,-0.5107265210164131,0.0814628319769964,0.1657300732012129,0.4839149727787587,0.5074345031237023,0.310530786064853,0.6175992664413718,-0.0183137934488173,Class 0
0.0403737417164094,1.1716593831348976,0.2968917813733537,-0.1778936894769629,1.195895633167658,-0.54800171261243,0.4864026348653778,0.4143583385880295,0.0138224045047008,-0.0183137934488173,Class 0
-0.7804228156077085,1.1716593831348976,0.3623348850784757,-0.988679795901091,1.6589444230749637,-0.54800171261243,-0.6438661281853203,-1.1590968885048216,-0.846226514476946,-0.6386829488336517,Class 0
-0.2540795671554856,0.2592629689185754,-0.1654550166690763,-0.2958043977872587,0.3855600077292342,-0.54800171261243,0.2152303820909883,0.3856623527465701,0.2768606809840583,-0.0183137934488173,Class -1
-0.0126656466150838,0.2592629689185754,-0.0079916252948611,-0.142531965241573,0.1540357516902324,0.4839149727787587,0.7395013504622404,0.7987743709262526,0.1118339379149825,-0.2251035119104288,Class 0
-1.5141884582584375,-2.477926273730392,-0.8956379482250871,-0.970551650391668,-1.7671444235578817,-0.54800171261243,-1.0224942656372766,-1.079189944834399,-0.156371710399316,-1.0522623857568747,Class 0
-0.6476530388343236,0.2592629689185754,0.1657757213465885,-0.673071410791935,0.6404733929914753,-0.54800171261243,-0.2639044738419222,-0.5918083681617847,-0.2816910667112717,-0.4318932303720402,Class 0
-0.0404678744370212,0.2592629689185754,-0.3708032454522353,-0.1071706745253416,0.281492166492051,0.4839149727787587,0.2767574890244869,0.4265263710452513,0.3383234994485466,-0.2251035119104288,Class 0
0.1925335426812199,0.2592629689185754,-0.6068507728091244,0.046101541260765,0.0382733805700924,-0.54800171261243,1.414486049951679,1.1924020996353095,0.8894806785085595,0.1884759250127941,Class -1
-0.2540795671554856,0.2592629689185754,-0.2031571636469577,-0.2958043977872587,0.3855600077292342,-0.54800171261243,0.2152303820909883,0.4871381272062584,0.2768606809840583,-0.0183137934488173,Class -1
-0.0404678744370212,0.2592629689185754,-0.2221062176363025,-0.1071706745253416,0.281492166492051,-0.54800171261243,0.451231013881991,0.5876365065542525,0.5561364907188191,0.1884759250127941,Class -1
0.1731440181425428,0.2592629689185754,-0.3217901331334472,0.0814628319769964,0.1774243252548684,-0.54800171261243,0.6818910822396176,0.4374403007630659,0.8354122577116443,0.3952656434744056,Class -1
-0.0404678744370212,0.2592629689185754,-0.2381428949483365,-0.1071706745253416,0.281492166492051,-0.54800171261243,0.451231013881991,0.574777731040059,0.5561364907188191,0.1884759250127941,Class -1
-0.0404678744370212,0.2592629689185754,-0.2683164451484501,-0.1071706745253416,0.281492166492051,-0.54800171261243,0.451231013881991,0.3226997656103613,0.5561364907188191,0.1884759250127941,Class -1
-0.2540795671554856,0.2592629689185754,-0.1654550166690763,-0.2958043977872587,0.3855600077292342,-0.54800171261243,0.2152303820909883,0.3856623527465701,0.2768606809840583,-0.0183137934488173,Class -1
-0.4592787564517902,0.2592629689185754,-0.2975119572060058,-0.4844379042895969,0.5013223788493743,-0.54800171261243,-0.0237782882894732,0.5580136369763808,-0.0024152997184466,-0.2251035119104288,Class -1
-0.7720103621508233,1.1716593831348976,0.2883435984375563,-0.988679795901091,1.6706386751286184,-0.54800171261243,-0.641754462840113,-1.3597583779473803,-0.846226514476946,-0.6386829488336517,Class 0
-0.2178648858766629,0.2592629689185754,-0.224004737070088,-0.3874176171865606,0.2697979144383961,-0.54800171261243,-0.0012922494595933,0.5390841833936121,0.0969171304815567,-0.6386829488336517,Class 0
0.3692616392577725,0.235317598416555,-0.460148207278214,0.264313902781671,0.0422010902837573,-0.5430037462018814,0.8885488243269706,0.5680269982644902,1.0747361746034834,0.5803470064562343,Class -2
0.6811432436598753,0.0468832325776392,-0.3536524566700805,0.4108398008867362,-0.4482652000167215,-0.503673027515509,0.7854876391147821,0.5157258727785791,0.8360923963460698,0.4095164821219592,Class -2
0.2293576944015665,0.2592629689185754,-0.3470324803766452,0.1212323723514906,0.1164648188417268,-0.54800171261243,0.702586465186404,0.7457922405800895,0.8696623633314616,0.4140021225622579,Class -2
0.245874598964308,-0.3049502085984746,-0.5506257113581269,0.2058280643516866,-0.4366049495188495,-0.4302370486920631,0.6157620335020823,-0.2025332683738867,0.2798964082566212,0.1694657365446859,Class -2
0.5102564424902521,0.2592629689185754,-0.5395260615110274,0.386585182939218,-0.0026035725941668,-0.54800171261243,1.037853825037788,0.5415049982475568,1.2871513365086404,0.7297558729012246,Class -2
0.5825698554717127,0.2439628892591053,-0.5887320661767131,0.4518724006728191,-0.0530952624428576,-0.5448082233235381,1.106880857433122,0.4857445315718607,1.3637528461924304,0.7915066783833042,Class -2
0.4976568521109573,0.2592629689185754,-0.3280852145742967,0.2863373072176822,-0.0880619756747609,-0.54800171261243,0.797270894206224,0.7955542465128124,1.011853130543516,0.4917874107574829,Class -2
0.5620363684882793,0.2592629689185754,-0.5713857560469463,0.4323105023452738,-0.0278298500284835,-0.54800171261243,1.090278910205289,0.5183234374846263,1.3548484003282248,0.7798821965387847,Class -2
0.2677171474317603,-0.0324232865259243,-0.4801300139359469,0.199656206794621,-0.1754001907249192,-0.4871198771441796,0.7124628582594579,0.2042456361096425,0.6280212179905393,0.3376189055770866,Class -2
0.2609633351874943,0.2592629689185754,-0.3996938288542632,0.1664421832027199,0.1188475885697769,-0.54800171261243,0.780924442359116,0.6737794767963035,0.9612258010903424,0.4884242569563539,Class -2
0.8685346755869612,0.2592629689185754,-0.301893851315498,0.514566718786116,-0.3707853842773367,-0.54800171261243,0.9281559676136312,0.8643417321303355,1.208407613651921,0.5993123043523643,Class -2
0.7808736929229443,0.2592629689185754,-0.7300308835168605,0.6255586057164123,-0.1344435080411689,-0.54800171261243,1.2939035314439995,0.4589346175979743,1.6409563034081525,0.9917306335202304,Class -2
0.4716298913181132,0.2592629689185754,-0.5157595130349388,0.3524752193605188,0.0162146098852043,-0.54800171261243,0.9987460009940956,0.5587978723836355,1.236650992032861,0.6923628684166068,Class -2
0.5096253250742383,0.2592629689185754,-0.5391377409852071,0.3860278618370005,-0.0022961031893132,-0.54800171261243,1.0372148441267974,0.5417875457106103,1.286326213738261,0.7291449103469406,Class -2
0.3863208407966431,0.2592629689185754,-0.4558522728061863,0.2740927884688703,0.054642507167682,-0.54800171261243,0.9047312981014204,0.6048013321208267,1.116264476669058,0.6020553619360172,Class -2
0.4276648206501436,0.2592629689185754,-0.4887082244374052,0.313650967292656,0.0376336260138056,-0.54800171261243,0.9542331414305012,0.5784807695197748,1.1791710683466932,0.649801831130946,Class -2
0.6511088575788291,0.2592629689185754,-0.6514670390762765,0.5109674085904724,-0.0712243979964555,-0.54800171261243,1.1640234305583494,0.5185916542486414,1.4713018754625082,0.8661100340744471,Class -2
0.4146929384743133,-0.029726260756572,-0.5697321627289716,0.3291942107430641,-0.2443139465811619,-0.4876828103509332,0.8620080460482121,0.1425678670378194,0.8233398948610395,0.4813558415546039,Class -2
0.683129824690016,0.2592629689185754,-0.3625090370166029,0.4227741454693378,-0.2065289881962464,-0.54800171261243,0.9208876867280112,0.7625370932115041,1.1749153733822588,0.6020553619360172,Class -2
0.449606258582455,0.2592629689185754,-0.5064568827503734,0.3330266849553938,0.0269441526638746,-0.54800171261243,0.9732720254882312,0.5754884183499328,1.207857305372782,0.6710425164161027,Class -2
0.3413104969997143,0.2592629689185754,-0.4398519037265748,0.2373941351657305,0.0797039172014157,-0.54800171261243,0.8653736277736662,0.6236615558739226,1.0662715134586356,0.5662053340459502,Class -2
0.4618782780460997,0.2592629689185754,-0.5097594384096761,0.3438638584326544,0.0209654259030053,-0.54800171261243,0.9888728861440416,0.5631636108671246,1.2239017349936654,0.6829226748775143,Class -2
0.7666386746876773,0.2592629689185754,-0.7181029483730177,0.6129881695120184,-0.1275084648013972,-0.54800171261243,1.281860422231989,0.4602117974078891,1.6223454392956569,0.977950249572001,Class -2
0.7557617372820747,0.2592629689185754,-0.3396670810421011,0.4591578532131914,-0.2704400766477496,-0.54800171261243,0.9248413049478408,0.8011364976564037,1.1892677920578658,0.6020553619360172,Class -2
0.4103181682576649,0.2592629689185754,-0.4885230135406344,0.2983329319598816,0.0460845387492033,-0.54800171261243,0.9331653020003732,0.6022374415086266,1.156492227537396,0.6330093532209394,Class -2
0.1371941795945047,0.0695377413514606,-0.3879566387294811,0.0748702239007259,-0.0101055150650939,-0.5084015604855662,0.6016888164749284,0.4483178903818254,0.576936380997248,0.2662650497115491,Class -2
0.1074830732921936,-0.1351657018453555,-0.4271874154815497,0.0677571499560271,-0.199822775211312,-0.4656750997220961,0.5174332064426782,0.14029154492391,0.2980546390948136,0.1270802609709532,Class -2
0.7988775560093548,0.2592629689185754,-0.7417830247737913,0.6414572656067227,-0.143214674305132,-0.54800171261243,1.3116274478549792,0.4519589601514616,1.664494550972505,1.0091595319282491,Class -2
0.7044969863009579,0.2592629689185754,-0.6843828943330714,0.5581127712130342,-0.0972341428930855,-0.54800171261243,1.217177368525666,0.4949682707263986,1.541101473066717,0.9177931376834104,Class -2
0.4744158867799199,0.2592629689185754,-0.5174737094668728,0.354935449457406,0.014857321455457,-0.54800171261243,1.0015667089527556,0.557550599008128,1.240293401884628,0.695059892552497,Class -2
0.8341870411508069,0.2592629689185754,-0.5706683852181772,0.5971898228191825,-0.2379603552512806,-0.54800171261243,1.1651535771314756,0.6145698539149704,1.4915425269418945,0.852208786753531,Class -2
0.196064362506643,0.2592629689185754,-0.3690660893209573,0.1091320703015268,0.1504651712738392,-0.54800171261243,0.7121074992055366,0.7170197762184695,0.8763770481878,0.4255980284627189,Class -2
0.3200852986526349,0.2592629689185754,-0.4292434007604873,0.2186508563795187,0.0900444466001774,-0.54800171261243,0.843064803538378,0.6369011375632784,1.0385217332518617,0.5456580147425689,Class -2
0.3085902494594221,0.2592629689185754,-0.4234980945698243,0.2084999542222598,0.0956446248495831,-0.54800171261243,0.8309828890217743,0.6440713717504015,1.023493129826744,0.5345300882884204,Class -2
0.571608916738403,0.2592629689185754,-0.3228627254800655,0.3318456528933702,-0.1444362813388534,-0.54800171261243,0.8233690343340844,0.8092702906112966,1.051045578615536,0.513227592339821,Class -2
0.3694421244764426,0.2592629689185754,-0.46573262973738,0.2622365710225215,0.065998618174924,-0.54800171261243,0.8909911693470517,0.624135991793249,1.1030509348857045,0.5934387404058249,Class -2
0.0457400999873978,-0.6177069395428139,-0.5238103984130045,0.0583139814147119,-0.6510782802975089,-0.3649573055450151,0.3275375694409678,-0.5909832456772819,-0.348501145113906,-0.1929866072974988,Class -2
0.636424456655393,0.2592629689185754,-0.544931580790053,0.4683163147254789,-0.0945787947864359,-0.54800171261243,1.0911752434324669,0.5610784836282808,1.3658954937623298,0.776696278735473,Class -2
0.4840039423172744,0.2592629689185754,-0.5296064187900881,0.3634025436532294,0.0101861439578064,-0.54800171261243,1.0091910941852855,0.5627617124693371,1.25282892383957,0.7043418738264243,Class -2
0.3953004147522221,0.2592629689185754,-0.4801498850626541,0.2850712216558672,0.0534009203859378,-0.54800171261243,0.9176706339771328,0.6102829126423103,1.1368580338676053,0.6184712116997747,Class -2
0.5285148699236335,-0.1177837857088042,-0.3943011558987355,0.3259016148986707,-0.5027464067414983,-0.4693031176303647,0.6722819663605722,0.2440686144353575,0.543532829095555,0.2602329215081695,Class -2
0.7833008233590522,0.2592629689185754,-0.7329685210701473,0.6277019394996772,-0.1356259679638728,-0.54800171261243,1.2956355270495168,0.4600988473095018,1.644129547808786,0.9940802631725878,Class -2
-1.5583348640378942,-0.2033825097338136,0.1051307543890238,-1.355985721113817,0.5707184984174437,-0.539364175958578,-1.291967333090062,-1.9646663753031712,-1.2102279023211922,-1.2619745827523845,Class 1
-1.4787604687648264,-2.4042790150421696,0.1855065659571839,-1.0053065716197038,-1.496826733643681,0.7703907062428775,-1.4452739569718864,-1.23103679145265,-1.4786580563992382,-1.6535552516162837,Class 1
0.3214671148577869,-2.044332377805412,0.0176820816601839,0.9611768994820138,-1.9922376106097583,2.270960314867603,-1.7872938173454038,-0.384079514854988,-1.3967243666616256,0.2662550591445284,Class 1
-1.118368641105168,0.2592629689185754,0.2773191385298755,-1.1807467203419917,0.8488131113708147,-0.54800171261243,-1.0283735443068,-1.4411041376351763,-1.0599052876406423,-1.3004675471505296,Class 1
0.0696598950844816,0.1741078013523167,0.1174378026149443,-0.0290804916349443,0.0562794242686289,0.6208694218890717,0.6496552990838104,1.1012195899227988,0.0720879245213285,-0.1382536976905179,Class 1
-1.65351509838875,-1.1332770229079283,1.3121371197981668,-1.233930722193828,-0.5290452508555529,0.69643788292237,-1.5038931206599264,-1.712012561184966,-1.643719133685214,-1.6834857188816006,Class 1
-1.399583087939648,-1.840787064707582,-0.5044281044197068,-1.010448767468376,-1.1797738995294793,0.2437143427078551,-1.0374861389523848,-1.2437460914303666,-0.6216418553873319,-1.1627826643114572,Class 1
-0.3851345265313743,-2.477926273730392,-0.5486873879637132,0.3298465180836346,-2.197587513266989,1.451109864529678,-2.22808828421702,-1.280842291469962,-1.7416057319121576,-0.3562588655253957,Class 1
-1.3584118316877964,-0.0228436198399491,0.2030859579524322,-1.2748623467738618,0.6390553723320664,-0.54800171261243,-1.186084456551285,-1.689236409874845,-1.135895865965696,-1.3379659539095092,Class 1
-1.23000312301361,0.0847844942154781,0.2395800861405013,-1.224154998526193,0.6837614344086973,-0.54800171261243,-1.1201869214862954,-1.631635102839316,-1.0917508006811294,-1.3867526151836935,Class 1
0.3386800264506374,-2.0293781064519654,-0.5543046347084621,0.9957452462195284,-2.0904801357459166,1.5158316581699476,-2.0720131537759023,-0.6106295513840023,-1.4995598380211044,0.3848626022658109,Class 1
0.0864149614268355,0.2592629689185754,0.0696995143806033,-0.0230896276452377,0.1665074069888957,0.4839149727787587,0.6386959038107926,0.71442801474553,0.2816540700962636,-0.0045676095533597,Class 1
-1.1443816213394409,-0.0602117077573686,0.2414830831551098,-1.1757384561417334,0.4968177563951941,-0.2589420501366418,-1.1586157691356598,-1.57157381905876,-1.2235328463246111,-1.55273047425663,Class 1
-1.0406040339182008,0.6967923520853251,0.3383415720897768,-1.0986510127515838,1.2972634031271315,-0.54800171261243,-0.8394558901686396,-1.2375169065777596,-0.9900056971845124,-0.8539350434876768,Class 1
-1.747819114060993,-1.1996602624139376,0.0044114028371065,-1.3713334297546174,-0.3469139227830241,0.5860762684427059,-1.7090823800653696,-1.778962467859883,-1.902278735718596,-1.7135765241371388,Class 1
-1.562202058312756,-0.2211410441835481,0.0935310771443468,-1.3572317983425586,0.5562255318016737,-0.5206250431085654,-1.3006440587562185,-1.9639518674741376,-1.2240785583946072,-1.2700243345530984,Class 1
-1.121680445723474,0.7681960868878762,0.5964765933926325,-0.9692370208056637,1.1845581144600323,-0.54800171261243,-0.7690500225601122,-1.3688801632632428,-0.9304022337407172,-0.8215685019562535,Class 1
0.0763981413918739,-2.220955198664105,-0.5827319254577039,0.7681787562061718,-2.163400372124153,1.5158316581699476,-2.171329651763195,-0.8991542291118825,-1.613590868221778,0.1243431240326368,Class 1
-1.3450503565131775,0.0121559062323055,0.8893341588082454,-1.076082623283782,0.500916179043842,-0.0768857525490594,-1.0609030584828238,-1.5100505791582406,-1.2048653769383797,-1.164273347498016,Class 1
-1.2593959353061095,0.2592629689185754,0.2411939105157857,-1.2374232928060365,0.9840634410477084,-0.54800171261243,-1.045565883555032,-1.298587758375012,-1.11473531092205,-1.0489607289553695,Class 1
-0.7027861785896444,1.417190891680721,0.5512867666956026,-0.8415078354566864,1.7668680397155143,-0.54800171261243,-0.482498990687242,-1.1768923449621838,-0.7673343387404521,-0.5273861687618976,Class 1
0.7588018575798078,0.2592629689185754,1.2987379291533503,0.6821393561480594,-0.164148651275612,1.3195822470703833,0.5870733617829222,1.2472569787929442,-0.1848194316557669,0.3729955472287433,Class 1
-0.2766917632519879,0.4719006715424689,0.1914425085613267,-0.2283754051411472,0.6751782376203982,0.1056896069797736,-0.9211456778540336,-0.9513059603330783,-0.96164770763413,-0.1699018392976203,Class 1
-1.7443916556564625,-1.4651693033774258,0.780852047578887,-1.2896848567249684,-0.7408234810686057,1.002532935197282,-1.7080726791887848,-1.7359672674701971,-1.9531506124825704,-1.833928903814148,Class 1
-1.0218367361481102,0.2592629689185754,0.2482982544716797,-1.141952120066987,0.7562354862823134,-0.54800171261243,-0.9638050808051316,-1.532165695170785,-0.986784140095444,-1.3623610909599693,Class 1
-1.6329434127389608,-0.9511543641935618,1.1413189749034651,-1.25192111264811,-0.3264439965117694,0.4624405033242631,-1.4550981862672634,-1.7227880167153162,-1.549605268469717,-1.6009314853615753,Class 1
-0.3795261724530001,-2.200129214667771,-0.5935213310970672,0.2323375201031191,-1.9622631388337983,1.112289692215905,-1.703144503851204,-0.8205906754336247,-1.1299408386648508,-0.2516728600575719,Class 1
-1.836525222411569,-1.6891849605449525,-0.0637621254931149,-1.378388065710186,-0.7929555936248449,1.1397267388321175,-1.9123697984945376,-1.7772802776696572,-2.241562554463952,-1.9354727809159764,Class 1
